Test Set Name,FPS,PCS,MASE
test_occlusionOnly,6.88,0.0909,15.64
test_occlusion,7.13,0.35,12.75
test_v1,7.71,0.6119,10.34
test_occlusionAngles,7.48,0.2,12.8
test_easy1,7.42,0.6512,7.95
test_rim,6.21,0.7333,6.73
test_blueVsBlack3,7.01,0.21050000000000002,22.11
test_samsung,7.35,1.0,0.0
Total,7.14875,0.480975,11.040000000000001
