Test Set Name,FPS,PCS,MASE
test_occlusionOnly,6.81,0.0909,11.73
test_occlusion,7.17,0.5,6.45
test_v1,7.39,0.44780000000000003,18.27
test_occlusionAngles,7.28,0.4,9.93
test_easy1,7.4,0.9301999999999999,3.26
test_rim,5.79,0.9333,2.13
test_blueVsBlack3,7.18,0.5263,8.79
test_samsung,7.23,1.0,0.0
Total,7.03125,0.6035625,7.57
