img_paths,preds,estimated
dataset/holo_v1/test/images/IMG_738_d3_05_01_2025_no_occ3.jpg,"[373.0029296875, 100.44696044921875, 1.0, 432.858154296875, 701.5768432617188, 1.0, 125.70651245117188, 472.4752502441406, 1.0, 680.154541015625, 329.5485534667969, 1.0, 412.175048828125, 143.46743774414062, 1.0, 400.55975341796875, 220.41929626464844, 1.0, 391.15313720703125, 401.2728271484375, 1.0]",0
# FPS: 0.00
