Test Set Name,FPS,PCS,MASE
test_v1,7.5,0.44780000000000003,11.94
test_results,6.83,0.44780000000000003,11.94
test_easy1,7.54,0.907,1.79
test_rim,6.69,0.8,3.07
