Test Set Name,FPS,PCS,MASE
test_occlusionOnly,7.12,0.1818,9.45
test_occlusion,7.01,0.55,5.2
test_v1,7.62,0.6716,7.57
test_occlusionAngles,7.51,0.3333,11.33
test_results,6.91,0.6716,7.57
test_easy1,7.65,0.9301999999999999,1.88
test_rim,7.13,0.9333,2.67
test_blueVsBlack3,7.14,0.2632,14.84
test_samsung,7.47,1.0,0.0
Total,7.2844444444444445,0.615,6.723333333333333
