Test Set Name,FPS,PCS,MASE
test_occlusionOnly,6.92,0.2727,9.0
test_occlusion,7.23,0.6,4.95
test_v1,7.57,0.7015,4.73
test_myBoard,6.3,0.9355,0.94
test_occlusionAngles,7.41,0.43329999999999996,9.4
test_easy1,7.43,0.9767,0.28
test_rim,5.58,0.9333,1.87
test_blueVsBlack3,6.78,0.36840000000000006,8.79
test_samsung,6.03,1.0,0.0
Total,6.805555555555555,0.6912666666666667,4.44
